{
  "version": 1,
  "author": "MUHAMED ALTHAF",
  "editor": "wokwi",
  "parts": [
    { "type": "wokwi-esp32-devkit-v1", "id": "esp", "top": -4, "left": -27.33, "attrs": {} },
    {
      "type": "wokwi-led",
      "id": "led1",
      "top": -133.15,
      "left": -116.97,
      "attrs": { "color": "magenta" }
    },
    {
      "type": "wokwi-buzzer",
      "id": "bz1",
      "top": 187.6,
      "left": 141.53,
      "attrs": { "volume": "0.1" }
    },
    {
      "type": "wokwi-pir-motion-sensor",
      "id": "pir1",
      "top": -168.33,
      "left": -3.05,
      "attrs": {}
    },
    {
      "type": "wokwi-ntc-temperature-sensor",
      "id": "ntc1",
      "top": 284.19,
      "left": -181.95,
      "attrs": {}
    }
  ],
  "connections": [
    [ "esp:TX0", "$serialMonitor:RX", "", [] ],
    [ "esp:RX0", "$serialMonitor:TX", "", [] ],
    [ "pir1:VCC", "esp:3V3", "red", [ "v230.27", "h39.83" ] ],
    [ "pir1:OUT", "esp:D2", "green", [ "v205.7", "h28.2" ] ],
    [ "pir1:GND", "esp:GND.1", "black", [ "v220.82", "h21.31" ] ],
    [ "bz1:2", "esp:D4", "green", [ "v36.35", "h-76.29", "v-12.28" ] ],
    [ "bz1:1", "esp:GND.1", "green", [ "v-5.22", "h-88.02" ] ],
    [ "led1:C", "esp:GND.1", "green", [ "v64.62", "h207.99", "v1.89" ] ],
    [ "led1:A", "esp:D5", "green", [ "v36.27", "h186.65", "v138.89" ] ],
    [ "ntc1:VCC", "esp:3V3", "red", [ "h0" ] ],
    [ "ntc1:GND", "esp:GND.1", "black", [ "h0" ] ],
    [ "ntc1:OUT", "esp:D15", "green", [ "h0" ] ]
  ],
  "dependencies": {}
}